{
    "title": "Quick Start",
    "version": "1.00",
    "doctype": "HTML5", /* HTML5, XHTML1_STRICT, XHTML1_TRANSITIONAL, XHTML1_FRAMESET, HTML4_STRICT, HTML4_TRANSITIONAL, HTML4_FRAMESET  */
    "thumbnail": "thumbnail.png",
    "author": "ImpressPages",
    "widget": { /* Image cropping settings for widgets. Require theme reinstall to take effect. */
        "image": {
            "width": 540,
            "height": 342
        },
        "gallery": {
            "width": 160,
            "height": 100
        }
    }
}
